{
    "BulletVelocity": {
        "curLevel": 0,
        "maxLevel": 3,
        "stats": [
            1100.0,
            1500.0,
            2000.0
        ]
    },
    "FireRate": {
        "curLevel": 0,
        "maxLevel": 4,
        "stats": [
            0.3499999940395355,
            0.30000001192092896,
            0.22499999403953552,
            0.15000000596046448
        ]
    },
    "ManaCostOfBullet": {
        "curLevel": 0,
        "maxLevel": 4,
        "stats": [
            2.0,
            3.0,
            4.0,
            5.0
        ]
    },
    "ManaStorage": {
        "bottom": 0.0,
        "cur": 10.0,
        "looped": false,
        "top": 10.0
    },
    "MaxManaStorage": {
        "curLevel": 0,
        "maxLevel": 5,
        "stats": [
            10.0,
            12.0,
            15.0,
            20.0,
            25.0
        ]
    },
    "Multishot": {
        "curLevel": 0,
        "maxLevel": 1,
        "stats": [
            1
        ]
    },
    "Name": "Pistol",
    "ReloadSpeed": {
        "curLevel": 0,
        "maxLevel": 4,
        "stats": [
            2.0,
            3.0,
            5.0,
            8.0
        ]
    },
    "Scatter": {
        "curLevel": 0,
        "maxLevel": 4,
        "stats": [
            20.0,
            15.0,
            8.0,
            1.0
        ]
    },
    "TimeToDispatch": {
        "curLevel": 0,
        "maxLevel": 3,
        "stats": [
            1.0,
            0.800000011920929,
            0.5
        ]
    },
    "TimeToHolster": {
        "curLevel": 0,
        "maxLevel": 3,
        "stats": [
            0.5,
            0.3499999940395355,
            0.20000000298023224
        ]
    },
    "holstered": false
}